fss,n,model_mean_err,baseline_mean_err
0,110,0.0,0.0
1,110,0.04576230087339281,0.05755345139260214
2,110,0.09952172003655958,0.13056473713293948
3,110,0.1717089789579709,0.22432093742656078
4,110,0.2644104908405037,0.34519627239879075
5,110,0.3728980185589793,0.48980673052317414
6,110,0.5026330437021537,0.6605986475887087
7,110,0.6555311163780413,0.858105716107897
8,110,0.8298485734289943,1.0822982421386076
9,110,1.0217341037576397,1.3284135836360258
10,110,1.2255312419050481,1.5922483566230439
11,110,1.4504849290693207,1.8782901771811829
12,110,1.6875159691377788,2.17621415375732
13,110,1.9339979674007592,2.4869243693561613
14,110,2.188049727902474,2.806835171106914
15,110,2.4441665394892094,3.129534742022243
16,110,2.7035736484362243,3.456055277143238
17,110,2.9623016286628263,3.7826362301480843
18,110,3.2204153231914594,4.108426860139365
19,110,3.47483960284174,4.429241622008447
20,110,3.7269235437112167,4.743781423029673
21,110,3.9751373248659294,5.050912897901615
22,110,4.219564192724459,5.35191208131174
23,110,4.455261784306386,5.641770004195651
24,110,4.684623748783666,5.921643161253883
25,88,5.018020505363219,6.231194467818236
26,88,5.263906249308492,6.522364972586105
27,88,5.506019338173262,6.807414354198784
28,88,5.747868116604479,7.0862972799465895
29,88,5.997351538241525,7.363962843361947
30,44,6.584229386767259,7.632909481398555
31,44,6.852818245447702,7.9093352226807045
32,44,7.126139328971946,8.176225543764582
33,44,7.395793171281028,8.434783274619978
34,44,7.658071660032186,8.682337812622855
35,44,7.915747541113287,8.92318873211437
36,44,8.167389942384402,9.166687220286779
